{"cameraMode":{"drawMode":0,"name":"Shaded","section":"Shading Mode"},"sceneLighting":true,"audioPlay":false,"sceneViewState":{"showFog":true,"showMaterialUpdate":false,"showSkybox":true,"showFlares":true,"showImageEffects":true,"showParticleSystems":true},"in2DMode":false,"pivot":{"x":5.322861671447754,"y":1.7115867137908936,"z":3.088552951812744},"rotation":{"x":-0.06185152754187584,"y":0.8205332159996033,"z":-0.09046642482280731,"w":-0.5609951615333557},"size":16.622638702392579,"orthographic":false}